Jovens,Frequência,Percentual
Ocupados,28341391,0.5521347522954596
Desocupados,4204531,0.08191085900489434
Não aplicável,18784647,0.365954388699646
