Jovens,Frequência,Percentual
Ocupados,25403300,0.5254542696362918
Desocupados,5767444,0.1192966297562999
Não economicamente ativa,17174662,0.3552491006074083
