Jovens,Frequência,Percentual
Ocupados,23349312,0.7848217521488784
Desocupados,6401790,0.2151782478511216
