Jovens,Frequência,Percentual
Ocupados,22589959,0.7630216604306956
Desocupados,7015962,0.2369783395693044
