Jovens,Frequência,Percentual
Ocupados,22747069,0.7652263329908267
Desocupados,6978867,0.2347736670091734
