Jovens,Frequência,Percentual
Ocupados,22434612,0.7672323240517078
Desocupados,6806351,0.23276767594829212
