Jovens,Frequência,Percentual
Ocupados,28169603,0.5753340032518574
Desocupados,4410673,0.09008327714539957
Não economicamente ativa,16381897,0.3345827196027431
