Jovens,Frequência,Percentual
Ocupados,29221006,0.5842851618133243
Desocupados,4135287,0.08268664103965266
Não economicamente ativa,16655256,0.333028197147023
