Jovens,Frequência,Percentual
Ocupados,29088939,0.5872076675605913
Desocupados,3812347,0.07695844079433826
Não economicamente ativa,16636451,0.3358338916450705
