Jovens,Frequência,Percentual
Ocupados,27914486,0.5695727046674726
Desocupados,3889958,0.07937147397601634
Não economicamente ativa,17205078,0.3510558213565111
